Name,Statut,Nature,Saveur (x/10),Paires
Randy,Intégré,Véritable,7,
Bobo,Intégré,Véritable,8,
Ba-Bing Baa,Intégré,Joke,5,
Marchal,Intégré,Véritable,6,
Lulu,Intégré,Véritable,4,
Loupi,Intégré,Véritable,5,
Lubie,Intégré,Véritable,4,
Bilbo,Intégré,Référence,8,1
Ori,Intégré,Référence,6,1
Nori,Intégré,Référence,7,1
Oin,Intégré,Référence,6,1
Baltrug,Intégré,Véritable,9,
Juju,Intégré,Véritable,5,
Sylvain,Intégré,Véritable,6,
Bware,Intégré,Véritable,8,
Timi,Intégré,Véritable,5,
Tintin,Intégré,Référence,5,2
Milou,En Attente,Référence,6,2
Beba,Intégré,Véritable,6,
Marjo,Intégré,Véritable,6,
Nana,Intégré,Véritable,4,
Nunu,Intégré,Véritable,4,
Toupie,Intégré,Véritable,6,
Zeus,Intégré,Référence,6,
Oran,Intégré,Véritable,6,
Flute,Intégré,Véritable,7,
Roro,Intégré,Véritable,7,
Calou,Intégré,Véritable,7,
Jujube,Intégré,Véritable,8,
Doop,Intégré,Véritable,7,
Pipo,Intégré,Véritable,7,
Banjo,Intégré,Véritable,8,
Crouta,Intégré,Véritable,9,3
Simpli,Intégré,Véritable,9,3
Rouge,Intégré,Véritable,7,
Gaston,Intégré,Véritable,6,
Bouba,Intégré,Véritable,8,
Momo,Intégré,Véritable,8,
Dingo,Intégré,Référence,6,
Memo,Intégré,Véritable,7,
Nemo,Intégré,Référence,6,
Gil,Intégré,Véritable,5,
Runo,Intégré,Véritable,8,
Blug,Intégré,Véritable,8,
Merlin,Intégré,Référence,6,
Puck,Intégré,Véritable,7,
Sam,Intégré,Véritable,6,
Froufrou,Intégré,Véritable,7,
Bougre,Intégré,Véritable,9,
Pom,Intégré,Véritable,8,
Pong,Intégré,Véritable,7,
Bim,Intégré,Véritable,8,
Navi,Intégré,Référence,5,
Rosa,Intégré,Véritable,5,
Falcor,Intégré,Référence,6,
Ralf,Intégré,Véritable,7,
Boum,Intégré,Véritable,8,
Squiggle,Intégré,Véritable,5,
Deekay,Intégré,Référence,5,
Mod,Intégré,Véritable,5,
Woodbob,Intégré,Joke,7,
Planche,Intégré,Véritable,8,
Atos,Intégré,Référence,7,4
Portos,Intégré,Référence,8,4
Aramis,Intégré,Référence,6,4
Lario,Intégré,Référence,7,5
Muigi,Intégré,Référence,8,5
Aran,Intégré,Véritable,6,
Phong,Intégré,Référence,6,6
Perlin,Intégré,Référence,7,6
Worley,En Attente,Référence,5,6
Clyde,Intégré,Référence,6,
Pinky,Intégré,Référence,6,
Binky,Intégré,Référence,5,
Banksy,Intégré,Référence,5,
Jojo,Intégré,Véritable,7,
Jos,Intégré,Véritable,6,
Joe,Intégré,Véritable,6,
Louie,Intégré,Véritable,8,
Ptr,Intégré,Véritable,7,
Pepto,Intégré,Référence,9,
Oasis,Intégré,Véritable,6,
Buster,Intégré,Véritable,5,
Boul,Intégré,Véritable,7,
Poros,Intégré,Véritable,6,
Goumba,Intégré,Référence,8,
Timon,Intégré,Référence,7,
Pumba,Intégré,Référence,6,
Jegs,Intégré,Véritable,6,
Sisi,Intégré,Véritable,4,
Oumba,Intégré,Véritable,6,
Chouchou,Intégré,Véritable,5,
Ecto,Intégré,Véritable,6,
Proto,Intégré,Véritable,7,
Soka,Intégré,Véritable,6,
Toa,Intégré,Véritable,7,
Tao,Intégré,Véritable,7,
Esope,Intégré,Véritable,6,
Platon,Intégré,Référence,6,
Jacques Cartier,Intégré,Joke,2,
Bistro,Intégré,Véritable,4,
Gimli,Intégré,Référence,7,
Poirot,Intégré,Véritable,8,
Celeri,Intégré,Véritable,8,
Pomkin,Intégré,Véritable,7,
Grabel,Intégré,Véritable,6,
Spoutnik,Intégré,Référence,7,
Spirou,Intégré,Référence,6,7
Fanta,Intégré,Référence,7,7
Picsou,Intégré,Référence,6,
Snoro,Intégré,Véritable,6,
Kerbal,Intégré,Référence,8,
Gomez,Intégré,Référence,8,
Hodor,Intégré,Référence,6,
Canelle,Intégré,Référence,6,8
Pruneau,Intégré,Référence,6,8
Onurb,Intégré,Véritable,7,
Potomax,Intégré,Véritable,6,
Horcornor,Intégré,Joke,4,
Goldoche,Intégré,Véritable,5,
Plume,Intégré,Véritable,6,
Paleo,Intégré,Véritable,6,
Mistik,Intégré,Véritable,4,
Bulba,Intégré,Référence,6,
Octo,Intégré,Véritable,7,
Poire,Intégré,Véritable,8,
Ppat,Intégré,Véritable,5,
Ulga,Intégré,Véritable,5,
Sardine,Intégré,Véritable,7,
Mouk,Intégré,Véritable,8,
Algus,Intégré,Référence,6,
Orlandu,Intégré,Référence,7,
Rafa,Intégré,Référence,7,
Ruglia,Intégré,Référence,5,
Odwn,Intégré,Véritable,5,
Haribo,Intégré,Référence,6,
Beigne,Intégré,Véritable,7,
Wiki,Intégré,Référence,6,
Kiwi,Intégré,Véritable,6,
Plouf,Intégré,Véritable,8,9
Denis,Intégré,Véritable,6,9
Maboul,Intégré,Véritable,7,
Grodesh,Intégré,Véritable,6,
Pinson,Intégré,Véritable,6,
Klepto,Intégré,Véritable,7,
Pogo,Intégré,Véritable,7,
Ang,Intégré,Référence,5,10
Korra,Intégré,Référence,6,10
Sokka,Intégré,Référence,7,10
Pingouin,Intégré,Joke,4,
Magoire,Intégré,Véritable,7,
Molu,Intégré,Véritable,7,
Bluche,Intégré,Véritable,9,
Bigre,Intégré,Véritable,8,
Binoeuvre,Intégré,Joke,3,
Zamboni,Intégré,Véritable,6,
Eniche,Intégré,Véritable,5,
Pouf,Intégré,Véritable,9,
Fefwaf,Intégré,Véritable,7,
Dewon,Intégré,Joke,5,
Nowon,Intégré,Joke,6,
Ploug,Intégré,Véritable,8,
Coin,Intégré,Véritable,6,
Lobo,Intégré,Référence,9,
Buche,Intégré,Véritable,7,
Wouf,Intégré,Véritable,8,11
Miaou,Intégré,Véritable,7,11
Wakko,Intégré,Référence,7,
Missigno,Intégré,Référence,5,
Bachire,Intégré,Véritable,8,
Tiamat,Intégré,Référence,6,
Vcimdarf,Intégré,Véritable,5,
Choken,Intégré,Véritable,6,
Zanar,Intégré,Véritable,6,
Niagaros,Intégré,Véritable,6,
Zanziba,Intégré,Référence,7,
Omar,Intégré,Véritable,7,
Ranulf,Intégré,Véritable,6,
Tusk,Intégré,Véritable,8,
Trigg,En Attente,Véritable,7,
Darmo,Intégré,Véritable,5,
Benmimi,Intégré,Véritable,4,
Meor,Intégré,Véritable,6,
Shatojon,Intégré,Véritable,6,
Kansi,Intégré,Véritable,6,
Dammy,Intégré,Véritable,5,
Landy,Intégré,Véritable,5,
Mali,Intégré,Véritable,8,
Urist,Intégré,Véritable,5,
Picnic,Intégré,Véritable,6,
Astro,Intégré,Véritable,7,
Kobalt,Intégré,Véritable,7,
Gabel,Intégré,Véritable,6,
Bogo,Intégré,Véritable,7,
Itchoutta,Intégré,Véritable,5,
Google,Intégré,Référence,6,
Bing,Intégré,Référence,7,
Bic,Intégré,Référence,7,
Wacom,Intégré,Référence,7,
Macom,Intégré,Véritable,6,
Topo,Intégré,Véritable,6,
Tanouki,Intégré,Véritable,6,
Boyo,Intégré,Véritable,7,
Croco,Intégré,Véritable,8,
Babare,Intégré,Référence,7,
Chombo,Intégré,Véritable,7,
Mombo,Intégré,Véritable,6,
Jombo,Intégré,Véritable,6,
Dombo,Intégré,Référence,6,
Gato,Intégré,Véritable,6,
Geko,Intégré,Véritable,5,
Neko,Intégré,Véritable,6,
Tux,Intégré,Véritable,7,
Bridge,Intégré,Véritable,6,
Tiamat,Intégré,Véritable,5,
Boss,Intégré,Véritable,5,
Queequeg,Intégré,Véritable,6,
Martin,Intégré,Véritable,6,
Nad,Intégré,Véritable,7,
Delta,Intégré,Véritable,6,
Topia,Intégré,Véritable,6,
Tapio,Intégré,Véritable,7,
Banc,Intégré,Véritable,8,
Quint,Intégré,Véritable,8,
Matin,Intégré,Véritable,5,
Midi,Intégré,Véritable,6,
Json,Intégré,Référence,5,
Jenkins,Intégré,Référence,6,
Fav,Intégré,Véritable,8,
Jokie,Intégré,Véritable,8,
Gaben,Intégré,Référence,7,12
Cliffy,En Attente,Référence,8,12
Moly,En Attente,Référence,7,12
Sid,En Attente,Référence,9,12
Redge,En Attente,Référence,8,12
Shigeru,En Attente,Référence,6,12
Jade,En Attente,Référence,7,12
Wright,En Attente,Référence,6,12
Levine,En Attente,Référence,5,12
Tim,En Attente,Référence,8,12
Jon,En Attente,Référence,8,12
Brenda,En Attente,Référence,7,12
Koji,En Attente,Référence,7,12
Carmak,En Attente,Référence,5,12
Romero,En Attente,Référence,6,12
Marmo,En Attente,Véritable,7,
Acon,En Attente,Véritable,7,
Queval,En Attente,Véritable,6,
Artou,En Attente,Référence,6,13
Pyo,En Attente,Référence,8,13
Luque,En Attente,Référence,7,13
Han,En Attente,Référence,7,13
Leya,En Attente,Référence,6,13
Chouie,En Attente,Référence,8,13
Biwan,En Attente,Référence,8,13
Yauda,En Attente,Référence,6,13
Florian,En Attente,Véritable,6,
Dafte,En Attente,Référence,7,14
Ponq,En Attente,Référence,9,14
Lut,En Attente,Véritable,7,
Wob,En Attente,Véritable,8,
Woz,En Attente,Référence,8,
Pano,En Attente,Véritable,6,
Goji,En Attente,Référence,6,
Crouton,En Attente,Véritable,7,
Spag,En Attente,Véritable,8,
Corniche,En Attente,Véritable,6,
Lampe,En Attente,Véritable,6,
Mister,En Attente,Véritable,7,
Radis,En Attente,Véritable,7,
Gyom,En Attente,Véritable,7,
Raviol,En Attente,Véritable,6,
Mouton,En Attente,Véritable,7,
Penebo,En Attente,Véritable,6,
Poke,En Attente,Véritable,8,
Conway,En Attente,Référence,7,